"Fname";"Lname";"Mname";"User_Id";"PhoneNumber";"Pan_Number"
"Sai";"Narine";"Kartik";"1";8917054875.0;"COMKK0883E"
"Tulsi";"Issac";"Bharat";"10";6127950865.0;"VXDPH0758D"
"Kalyani";"Rege";"Ghalib";"11";8076105673.0;"ZNLDB3386G"
"Chitranjan";"Wason";"Aarif";"12";2551074014.0;"QIZXT3498E"
"Saurabh";"Balay";"Binoya";"13";861033001.0;"HGFYM7508R"
"Omar";"Mangat";"Aslam";"14";567953227.0;"JVDOA8202D"
"Omar";"Goswami";"Himesh";"15";280189787.0;"QKNHY6517W"
"Monica";"Yogi ";"Ratan";"16";5857018270.0;"BWIVL9392F"
"Aadish";"Setty ";"Faisal";"17";791226549.0;"MGMMG0411A"
"Charu ";"Mukherjee";"Qabool";"18";3617759978.0;"RSFUI2144D"
"Alaknanda";" Pant";"Nirmal";"19";3094634438.0;"YMEBC4178W"
"Poonam";"Cheema ";"Prasoon";"2";6988742871.0;"WDQVE4024X"
"Runjhun";" Kalita";"Ricky";"20";4336849407.0;"CBMWO7610H"
"Amolika";"Guha";"Virat ";"21";2147874877.0;"MIKSX2110E"
"Bharat";" Setty";"Albert";"22";4394409018.0;"CVZGP1439Q"
"Jawahar";" Bose";"Sushant";"23";6255895242.0;"MEOEK7914K"
"Kalpit";"Sane ";"Chinmay";"24";3680402395.0;"MEOEK7914K"
"Owais";"Sidhu";"Arjun";"25";9958574650.0;"IHLCL8674E"
"Kalpit";"Thomas";"Habib";"26";7301755651.0;"OQKCP5371G"
"Mona";"Sahota";"Arpit ";"27";8067888622.0;"SOKOJ9207I"
"Devendra ";" Suri ";"Satishwar ";"28";3406685778.0;"AQQYP6074D"
"Manpreet";"Narayan ";"Vijay ";"29";1233452741.0;"INCMR2465L"
"Amir";"Ahluwalia ";"Manpreet";"3";6127922614.0;"FZCKC6797J"
"Prasoon";"Narang";"Ricky";"30";2263051504.0;"SJKYI9289K"
"Kartik";"Sandhu ";"Maharaj ";"31";4682641956.0;"UIIKD0484F"
"Pranab";"Boase";"Devendra";"4";612820171.0;"HQFVU1776N"
"Anees";"Devan";"Mona ";"5";7199192068.0;"UMYRX4987W"
"Ghalib";"Loke";"Kalpit";"6";6578015705.0;"TBWHS7728D"
"Jyoti";"Kari";"Owais";"7";7324039360.0;"MWZFW3787A"
"Hetan";"Palla";"Kalpit";"8";6127972663.0;"HODOO9459K"
"Monin";"Shanker";"Jawahar";"9";6129490978.0;"CKBJL6883S"
